team,player_name
Chennai Super Kings,MS Dhoni
Chennai Super Kings,Ruturaj Gaikwad
Chennai Super Kings,Sanju Samson
Chennai Super Kings,Ayush Mhatre
Chennai Super Kings,Dewald Brevis
Chennai Super Kings,Shivam Dube
Chennai Super Kings,Urvil Patel
Chennai Super Kings,Shreyas Gopal
Chennai Super Kings,Anshul Kamboj
Chennai Super Kings,Gurjapneet Singh
Chennai Super Kings,Mukesh Choudhary
Chennai Super Kings,Nathan Ellis
Chennai Super Kings,Akeal Hosein
Chennai Super Kings,Prashant Veer
Chennai Super Kings,Kartik Sharma
Chennai Super Kings,Matthew Short
Chennai Super Kings,Aman Khan
Chennai Super Kings,Sarfaraz Khan
Chennai Super Kings,Matt Henry
Chennai Super Kings,Rahul Chahar
Chennai Super Kings,Zak Foulkes
Gujarat Titans,Shubman Gill
Gujarat Titans,Sai Sudharsan
Gujarat Titans,Tom Banton
Gujarat Titans,Glenn Phillips
Gujarat Titans,Shahrukh Khan
Gujarat Titans,Jos Buttler
Gujarat Titans,Anuj Rawat
Gujarat Titans,Kumar Kushagra
Gujarat Titans,Jason Holder
Gujarat Titans,Rashid Khan
Gujarat Titans,Washington Sundar
Gujarat Titans,Manav Suthar
Gujarat Titans,Rahul Tewatia
Gujarat Titans,Nishant Sindhu
Gujarat Titans,Jayant Yadav
Gujarat Titans,Arshad Khan
Gujarat Titans,Sai Kishore
Gujarat Titans,Kagiso Rabada
Gujarat Titans,Luke Wood
Gujarat Titans,Mohammed Siraj
Gujarat Titans,Prasidh Krishna
Gujarat Titans,Gurnoor Brar
Gujarat Titans,Ishant Sharma
Gujarat Titans,Ashok Sharma
Gujarat Titans,Prithvi Raj Yarra
Kolkata Knight Riders,Ajinkya Rahane
Kolkata Knight Riders,Angkrish Raghuvanshi
Kolkata Knight Riders,Anukul Roy
Kolkata Knight Riders,Harshit Rana
Kolkata Knight Riders,Manish Pandey
Kolkata Knight Riders,Ramandeep Singh
Kolkata Knight Riders,Rinku Singh
Kolkata Knight Riders,Rovman Powell
Kolkata Knight Riders,Sunil Narine
Kolkata Knight Riders,Umran Malik
Kolkata Knight Riders,Vaibhav Arora
Kolkata Knight Riders,Varun Chakaravarthy
Kolkata Knight Riders,Cameron Green
Kolkata Knight Riders,Finn Allen
Kolkata Knight Riders,Matheesha Pathirana
Kolkata Knight Riders,Tejasvi Singh
Kolkata Knight Riders,Kartik Tyagi
Kolkata Knight Riders,Prashant Solanki
Kolkata Knight Riders,Rahul Tripathi
Kolkata Knight Riders,Tim Seifert
Kolkata Knight Riders,Mustafizur Rahman
Kolkata Knight Riders,Sarthak Ranjan
Kolkata Knight Riders,Daksh Kamra
Kolkata Knight Riders,Rachin Ravindra
Kolkata Knight Riders,Akash Deep
Lucknow Super Giants,Abdul Samad
Lucknow Super Giants,Ayush Badoni
Lucknow Super Giants,Aiden Markram
Lucknow Super Giants,Matthew Breetzke
Lucknow Super Giants,Himmat Singh
Lucknow Super Giants,Rishabh Pant
Lucknow Super Giants,Nicholas Pooran
Lucknow Super Giants,Mitchell Marsh
Lucknow Super Giants,Shahbaz Ahmed
Lucknow Super Giants,Arshin Kulkarni
Lucknow Super Giants,Mayank Yadav
Lucknow Super Giants,Avesh Khan
Lucknow Super Giants,Mohsin Khan
Lucknow Super Giants,Manimaran Siddharth
Lucknow Super Giants,Digvesh Rathi
Lucknow Super Giants,Prince Yadav
Lucknow Super Giants,Akash Singh
Lucknow Super Giants,Mohammed Shami
Lucknow Super Giants,Arjun Tendulkar
Lucknow Super Giants,Wanindu Hasaranga
Lucknow Super Giants,Anrich Nortje
Lucknow Super Giants,Mukul Choudhary
Lucknow Super Giants,Naman Tiwari
Lucknow Super Giants,Akshat Raghuwanshi
Lucknow Super Giants,Josh Inglis
Mumbai Indians,Hardik Pandya
Mumbai Indians,Rohit Sharma
Mumbai Indians,Suryakumar Yadav
Mumbai Indians,Tilak Varma
Mumbai Indians,Ryan Rickelton
Mumbai Indians,Robin Minz
Mumbai Indians,Raj Bawa
Mumbai Indians,Raghu Sharma
Mumbai Indians,Mitchell Santner
Mumbai Indians,Corbin Bosch
Mumbai Indians,Naman Dhir
Mumbai Indians,Jasprit Bumrah
Mumbai Indians,Trent Boult
Mumbai Indians,Allah Ghafanzar
Mumbai Indians,Ashwani Kumar
Mumbai Indians,Deepak Chahar
Mumbai Indians,Will Jacks
Mumbai Indians,Sherfane Rutherford
Mumbai Indians,Mayank Markande
Mumbai Indians,Shardul Thakur
Mumbai Indians,Quinton de Kock
Mumbai Indians,Danish Malewar
Mumbai Indians,Mohammad Izhar
Mumbai Indians,Atharva Ankolekar
Mumbai Indians,Mayank Rawat
Punjab Kings,Prabhsimran Singh
Punjab Kings,Priyansh Arya
Punjab Kings,Shreyas Iyer
Punjab Kings,Shashank Singh
Punjab Kings,Nehal Wadhera
Punjab Kings,Marcus Stoinis
Punjab Kings,Azmatullah Omarzai
Punjab Kings,Marco Jansen
Punjab Kings,Harpreet Brar
Punjab Kings,Yuzvendra Chahal
Punjab Kings,Arshdeep Singh
Punjab Kings,Musheer Khan
Punjab Kings,Pyala Avinash
Punjab Kings,Harnoor Pannu
Punjab Kings,Suryansh Shedge
Punjab Kings,Mitchell Owen
Punjab Kings,Xavier Bartlett
Punjab Kings,Lockie Ferguson
Punjab Kings,Vyshak Vijaykumar
Punjab Kings,Yash Thakur
Punjab Kings,Vishnu Vinod
Punjab Kings,Cooper Connolly
Punjab Kings,Ben Dwarshuis
Punjab Kings,Pravin Dubey
Punjab Kings,Vishal Nishad
Sunrisers Hyderabad,Pat Cummins
Sunrisers Hyderabad,Travis Head
Sunrisers Hyderabad,Abhishek Sharma
Sunrisers Hyderabad,Aniket Verma
Sunrisers Hyderabad,R Smaran
Sunrisers Hyderabad,Ishan Kishan
Sunrisers Hyderabad,Heinrich Klaasen
Sunrisers Hyderabad,Nitish Kumar Reddy
Sunrisers Hyderabad,Harsh Dubey
Sunrisers Hyderabad,Kamindu Mendis
Sunrisers Hyderabad,Harshal Patel
Sunrisers Hyderabad,Brydon Carse
Sunrisers Hyderabad,Jaydev Unadkat
Sunrisers Hyderabad,Eshan Malinga
Sunrisers Hyderabad,Zeeshan Ansari
Sunrisers Hyderabad,Shivang Kumar
Sunrisers Hyderabad,Salil Arora
Sunrisers Hyderabad,Sakib Hussain
Sunrisers Hyderabad,Onkar Tarmale
Sunrisers Hyderabad,Amit Kumar
Sunrisers Hyderabad,Praful Hinge
Sunrisers Hyderabad,Krains Fuletra
Sunrisers Hyderabad,Liam Livingstone
Sunrisers Hyderabad,Shivam Mavi
Sunrisers Hyderabad,Jack Edwards
Royal Challengers Bengaluru,Rajat Patidar
Royal Challengers Bengaluru,Virat Kohli
Royal Challengers Bengaluru,Devdutt Padikkal
Royal Challengers Bengaluru,Phil Salt
Royal Challengers Bengaluru,Jitesh Sharma
Royal Challengers Bengaluru,Krunal Pandya
Royal Challengers Bengaluru,Swapnil Singh
Royal Challengers Bengaluru,Tim David
Royal Challengers Bengaluru,Romario Shepherd
Royal Challengers Bengaluru,Jacob Bethell
Royal Challengers Bengaluru,Josh Hazlewood
Royal Challengers Bengaluru,Yash Dayal
Royal Challengers Bengaluru,Bhuvneshwar Kumar
Royal Challengers Bengaluru,Nuwan Thushara
Royal Challengers Bengaluru,Rasikh Salam
Royal Challengers Bengaluru,Abhinandan Singh
Royal Challengers Bengaluru,Suyash Sharma
Royal Challengers Bengaluru,Venkatesh Iyer
Royal Challengers Bengaluru,Jacob Duffy
Royal Challengers Bengaluru,Satvik Deswal
Royal Challengers Bengaluru,Mangesh Yadav
Royal Challengers Bengaluru,Jordan Cox
Royal Challengers Bengaluru,Vicky Ostwal
Royal Challengers Bengaluru,Vihaan Malhotra
Royal Challengers Bengaluru,Kanishk Chouhan
Rajasthan Royals,Ravindra Jadeja
Rajasthan Royals,Sam Curran
Rajasthan Royals,Donovan Ferreira
Rajasthan Royals,Sandeep Sharma
Rajasthan Royals,Shubham Dubey
Rajasthan Royals,Vaibhav Suryavanshi
Rajasthan Royals,Lhuan-Dre Pretorius
Rajasthan Royals,Shimron Hetmyer
Rajasthan Royals,Yashasvi Jaiswal
Rajasthan Royals,Dhruv Jurel
Rajasthan Royals,Riyan Parag
Rajasthan Royals,Yudhvir Singh Charak
Rajasthan Royals,Jofra Archer
Rajasthan Royals,Tushar Deshpande
Rajasthan Royals,Kwena Maphaka
Rajasthan Royals,Nandre Burger
Rajasthan Royals,Ravi Bishnoi
Rajasthan Royals,Sushant Mishra
Rajasthan Royals,Yash Raj Punja
Rajasthan Royals,Vignesh Puthur
Rajasthan Royals,Ravi Singh
Rajasthan Royals,Aman Rao
Rajasthan Royals,Brijesh Sharma
Rajasthan Royals,Adam Milne
Rajasthan Royals,Kuldeep Sen
Delhi Capitals,Nitish Rana
Delhi Capitals,Abishek Porel
Delhi Capitals,Ajay Mandal
Delhi Capitals,Ashutosh Sharma
Delhi Capitals,Axar Patel
Delhi Capitals,Dushmantha Chameera
Delhi Capitals,Karun Nair
Delhi Capitals,KL Rahul
Delhi Capitals,Kuldeep Yadav
Delhi Capitals,Madhav Tiwari
Delhi Capitals,Mitchell Starc
Delhi Capitals,Sameer Rizvi
Delhi Capitals,T Natarajan
Delhi Capitals,Tripurana Vijay
Delhi Capitals,Tristan Stubbs
Delhi Capitals,Vipraj Nigam
Delhi Capitals,David Miller
Delhi Capitals,Ben Duckett
Delhi Capitals,Auqib Nabi
Delhi Capitals,Pathum Nissanka
Delhi Capitals,Lungi Ngidi
Delhi Capitals,Sahil Parakh
Delhi Capitals,Prithvi Shaw
Delhi Capitals,Kyle Jamieson
